x90065660,Pierre_de_Marivaux,1688-1763,1688
x98003783,Liza_Marklund,1962-,1962
x90078923,Andreas_Markusson_(1893–1952),1893-1952,1893
x90968636,Andreas_Markusson_(1951),1951-,1951
x90895060,Per_Marstad,1940-,1940
x99000603,Trude_Marstein,1973-,1973
x90051588,Harry_Martinson,1904-1978,1904
x90051270,Karl_Marx,1818-1883,1818
x98000447,Jamshed_Masroor,1946-,1946
x90101238,Cotton_Mather,1663-1728,1663
x90072376,Sigurd_Mathiesen,1871-1958,1871
x05015517,Trygve_Mathiesen,1962-,1962
x90084050,Mathis_Mathisen,1937-,1937
x90078915,Kristian_Matre,1877-1943,1877
x12070050,Agnes_Lovise_Matre,1966-,1966
x90247412,Matsuo_Basho,1644-1694,1644
x97048135,Annette_Mattsson,1959-,1959
x07011347,Christina_Veronika_Mauer,1977-,1977
x90861429,Mari_Maurstad,1957-,1957
x90202665,Alexander_McCall_Smith,1948-,1948
x90348328,Cormac_McCarthy,1933-,1933
x90736729,Val_McDermid,1955-,1955
x90279911,Jan_Mehlum,1945-,1945
x90059320,Stein_Mehren,1935-,1935
x04012659,Severin_Meiland,1968-,1968
x90768661,Petter_Mejlænder,1952-,1952
x90642272,Ulf-Arvid_Mejlænder,1957-,1957
x97017661,Sindre_Mekjan,1967-,1967
x90328670,Philipp_Melanchthon,1497-1560,1497
x90533857,Knut_Arild_Melbøe,1958-,1958
x90549587,Jon_Morten_Melhus,1956-,1956
x90390137,Aleksander_Melli,1971-,1971
x90679826,Stieg_Mellin-Olsen,1939-,1939
x90072387,Herman_Melville,1819-1891,1819
x03049660,Maria_Mena,1986-,1986
x11084954,Mette_Franck_Johnsen,1970-,1970
x07052788,Anne_Marie_Meyer,1959-,1959
x09000232,Igor_Meyer,1966-,1966
x09073754,Ben_Mezrich,1969-,1969
x90068291,Frank_Stubb_Micaelsen,1947-,1947
x03103426,Vera_Micaelsen,1974-,1974
x90066577,Else_Michelet,1942-,1942
x90064322,Jon_Michelet,1944-,1944
x08058377,Tania_Michelet,1969-,1969
x90852396,Markus_Midré,1975-,1975
x90060612,Arild_Midthun,1964-,1964
x01029616,Mikal_Hem,1973-,1973
x90080414,Magnar_Mikkelsen,1938-,1938
x08058271,Sigurd_Falkenberg_Mikkelsen,1975-,1975
x90079788,Henry_Miller,1891-1980,1891
x90079547,John_Milton,1608-1674,1608
x90076467,Yukio_Mishima,1925-1970,1925
x90183600,Ingelil_Mitchell,1954-,1954
x00044461,Joni_Mitchell,1943-,1943
x90784908,Kenji_Miyazawa,1896-1933,1896
x09023572,Marianne_Mjelva,1989-,1989
x90085724,Sigmund_Mjelve,1926-1995,1926
x90767331,Marianne_Mjaaland,1955-,1955
x03050567,Christer_Mjåset,1973-,1973
x90231691,Marit_Mjøen,1955-,1955
x05050493,Johan_Mjønes,1976-,1976
x90536426,Mo_Yan,1955-,1955
x07021187,Johan_Moan,1900-,1900
x90898618,Cornelius_Moe,1874-1940,1874
x90054898,Ingvar_Moe,1936-1993,1936
x90633880,Jon_Moe,1921-,1921
x90053857,Jørgen_Moe,1813-1882,1813
x90069409,Louis_Moe,1857-1945,1857
x90097925,Ole_Henrik_Moe,1920-2013,1920
x90059897,Rolf_Egil_Moe,1937-,1937
x90372977,Arve_Moen,1912-1976,1912
x90085389,Erna_Moen,1926-,1926
x90719150,Frank_Emil_Moen,1967-,1967
x90928389,Jo_Stein_Moen,1972-,1972
x98005317,Tor-Arne_Moen,1966-,1966
x90886247,Torbjørn_Moen,1961-,1961
x90053406,Torhild_Moen,1938-,1938
x90602323,Victor_Mogens,1886-1964,1886
x90060575,Albert_Henrik_Mohn,1918-1999,1918
x11030906,Maria_Mohn,1983-,1983
x11034648,Tirill_Mohn,1975-,1975
x00019702,Josef_Mohr,1792-1848,1792
x90846188,Trond_Moi,1969-,1969
x90599711,Greta_Molander,1908-2002,1908
x07028793,Thomas_Moldestad,1976-,1976
x11031779,Åshild_Moldskred,1978-,1978
x90060933,Molière,1622-1673,1622
x98062061,Mona_Høvring,1962-,1962
x90381401,Christian_Martin_Monsen,1815-1852,1815
x90840269,Lars_Monsen,1963-,1963
x90093574,Nina_Karin_Monsen,1943-,1943
x90057264,Michel_de_Montaigne,1533-1592,1533
x90098054,Lucy_Maud_Montgomery,1874-1942,1874
x99044931,Lukas_Moodysson,1969-,1969
x98079442,Michael_Moore,1954-,1954
x90121637,Vinicius_de_Moraes,1913-1980,1913
x90118189,Alberto_Moravia,1907-1990,1907
x90191259,Andreas_Morisbak,1940-,1940
x90101866,Karl_Philipp_Moritz,1756-1793,1756
x90184860,Amund_Mork,1884-1964,1884
x90188935,Jim_Morrison,1943-1971,1943
x90089202,Toni_Morrison,1931-,1931
x90301346,Morten_Mørland,1979-,1979
x09072562,Audun_Mortensen,1985-,1985
x90102537,Ivar_Mortensson-Egnund,1857-1934,1857
x07046228,Kate_Morton,1976-,1976
x90150987,Olav_Mosdøl,1937-,1937
x06079940,Geir_Moseng,1962-,1962
x90835542,Ole_Georg_Moseng,1958-,1958
x90921767,Arne_Moslåtten,1948-,1948
x10026054,Ketil_Mosnes,1976-,1976
x90130747,Terje_Mosnes,1947-,1947
x99055332,Sigbjørn_Mostue,1969-,1969
x06076902,Gerard_Moultrie,1829-1885,1829
x98031789,Gry_Moursund,1969-,1969
x04087455,Noman_Mubashir,1974-,1974
x90141472,Herta_Müller,1953-,1953
x90077989,Andreas_Munch,1811-1884,1811
x06091766,Annette_Münch,1981-,1981
x90916092,Charlotte_Glaser_Munch,1972-,1972
x03103118,Emerentze_Munch,1786-1868,1786
x90108279,Jan_Henrik_Munksgaard,1943-,1943
x90051817,Alice_Munro,1931-,1931
x90168523,Margrethe_Munthe,1860-1931,1860
x90667003,Haruki_Murakami,1949-,1949
x00066212,Beate_Muri,1961-,1961
x90093240,Rudolf_Muus,1862-1935,1862
x90081015,Magne_Myhra,1930-,1930
x04086313,Tove_Myhre,1964-,1964
x98080267,Arne_Bust_Mykle,1937-,1937
x05029886,Hilde_Myklebust,1979-,1979
x90858884,Peter_Mykleset,1951-,1951
x90162918,Finn_Myrvang,1937-,1937
x00063563,Jane_Mysen,1960-,1960
x97052909,Lars_Mytting,1968-,1968
x03056133,Amund_Maarud,1981-,1981
x97047671,Lars_Mæhle,1971-,1971
x99003575,Synne_Sæther_Mæhle,1973-,1973
x90054169,Ingebjørg_Mælandsmo,1898-1981,1898
x90052626,Arvid_Møller,1939-,1939
x90546364,Poul_Martin_Møller,1794-1838,1794
x90074805,Sidsel_Mørck,1937-,1937
x90617020,Hans_Olav_Mørk,1956-,1956
x90107903,Lornts_Mørkved,1950-,1950
x90056388,Vladimir_Nabokov,1899-1977,1899
x08024983,Gylve_Fenris_Nagell,1971-,1971
x12068540,Bård_Nannestad,1967-,1967
x90327456,Odd_Nansen,1901-1973,1901
x02093413,Lars_Christian_Narum,1970-,1970
x90244556,Arnved_Nedkvitne,1947-,1947
x90163500,Tore_Nedrebø,1957-,1957
x90637291,Gudlaug_Nedrelid,1952-,1952
x90059295,Torborg_Nedreaas,1906-1987,1906
x13001352,Geir_Negård,1968-,1968
x04000064,Teddy_Nelson,1939-1992,1939
x00056703,Willie_Nelson,1933-,1933
x90381094,Odd_Nerdrum,1944-,1944
x10012998,Kjetil_Nernes,1979-,1979
x90177454,Oddvar_Nes,1938-,1938
x02065876,Knut_Nesbø,1961-2013,1961
x90080252,Siri_Ness,1946-,1946
x90060921,Åse-Marie_Nesse,1934-2001,1934
x90966768,Håkan_Nesser,1950-,1950
x08039353,Vegar_Leirvik_Nesset,1974-,1974
x01080169,Grethe_Nestor,1968-,1968
x00044446,Randy_Newman,1943-,1943
x90352308,Eirik_Newth,1964-,1964
x90066413,Mette_Newth,1942-,1942
x90066412,Philip_Newth,1939-,1939
x90353527,John_Newton,1725-1807,1725
x90704390,Johan_Nicolaisen,1847-1929,1847
x90068664,Marit_Nicolaysen,1953-,1953
x11031782,Astrid_Luisa_Niebuhr,1994-,1994
x90090102,Christopher_Nielsen,1963-,1963
x90746152,Frode_Nielsen,1963-,1963
x03109811,Jan_Henrik_Nielsen,1974-,1974
x90097616,Jóanes_Nielsen,1953-,1953
x90093901,Nils-Fredrik_Nielsen,1945-2005,1945
x90077153,Otto_Nielsen,1909-1982,1909
x90634693,Torben_Nielsen,1918-11-03-,1918
x90634695,Torben_Nielsen,1918-04-22-,1918
x90063845,Unni_Nielsen,1942-2005,1942
x90065768,Yngvar_Nielsen,1843-1916,1843
x90928432,Mikael_Niemi,1959-,1959
x04017630,Audrey_Niffenegger,1963-,1963
x90542795,Bjørn_Nilsen_(forfatter),1934-,1934
x90059355,Fritz_Nilsen,1939-2000,1939
x90950931,Kjell_Arild_Nilsen,1951-,1951
x90059757,Lillebjørn_Nilsen,1950-,1950
x90823157,Ole-Mikal_Nilsen,1955-,1955
x98030848,Rolf_Just_Nilsen,1931-1981,1931
x90079272,Rudolf_Nilsen,1901-1929,1901
x90898044,Svein_Roger_Nilsen,1967-,1967
x98056122,Olaug_Nilssen,1977-,1977
x90721618,Stig_Nilsson,1952-,1952
x90124150,Ragnhild_Nilstun,1943-,1943
x09035290,Gunn_Marit_Nisja,1978-,1978
x02102882,Frida_Nome,1972-,1972
x11062508,Magnus_Nome,1980-,1980
x08004232,Viggo_Nonås,1975-,1975
x90934935,Henrik_Nor-Hansen,1967-,1967
x04031068,Eva_Norberg,1915-2004,1915
x11036020,Johan_Norberg,1973-,1973
x07072987,Tora_Marie_Norberg,1972-,1972
x90362589,Thomas_Nordahl,1958-,1958
x10070357,Ola_Nordal,1979-,1979
x99058254,Astrid_Nordang,1964-,1964
x90119918,Harald_Nordberg,1949-,1949
x90850724,Nils_Håkon_Nordberg,1968-,1968
x90060610,Terje_Nordberg,1949-,1949
x90060028,Terje_Nordby,1949-,1949
x90135770,Halvor_Nordbø,1893-1967,1893
x09055970,Torolf_Nordbø,1956-,1956
x90161861,Frederik_Ludvig_Norden,1708-1742,1708
x02035185,Jørgen_Nordeng,1978-,1978
x90680959,Per_Anders_Nordengen,1953-,1953
x14012138,Asta_Olivia_Nordenhof,1988-,1988
x90053948,Ole_Nordgaard,1862-1931,1862
x90118487,Liv_Nordhaug,1926-2002,1926
x90052520,Odd_Nordhaug,1953-2013,1953
x90086276,Eva_Nordland,1921-2012,1921
x90215972,Sven_Nordqvist,1946-,1946
x90054013,Olav_Nordrå,1919-1994,1919
x08075429,Thomas_Nordseth-Tiller,1980-2009,1980
x98058952,Odd_Nordstoga,1972-,1972
x90074454,Sveinung_Nordstoga,1954-,1954
x07063521,Aslak_Nore,1978-,1978
x90098726,Lars_Norén,1944-,1944
x11026077,Jan_Tore_Noreng,1968-,1968
x90360455,Jørgen_Norheim,1952-,1952
x90732123,Pål_Norheim,1962-,1962
x90983925,Andreas_Norland,1935-,1935
x90877039,Natalie_Normann,1962-,1962
x90057388,Regine_Normann,1867-1939,1867
x90098302,Henry_Notaker,1941-,1941
x90052748,Novalis,1772-1801,1772
x98054332,Paal_Nupen,1970-,1970
x03049713,Nissa_Nyberget,1954-,1954
x90272073,Karine_Nyborg,1962-,1962
x90673800,Frode_Nyeng,1970-,1970
x90060922,Olav_Nygard,1884-1924,1884
x09024166,Anne-Pia_Nygård,1977-,1977
x90057734,Marius_Nygaard,1838-1912,1838
x90855027,Martin_Nygaard,1960-,1960
x90079278,Gert_Nygårdshaug,1946-,1946
x90610111,Egil_Nyhus,1962-,1962
x02067110,Kaia_Dahle_Nyhus,1990-,1990
x13070921,Lars_Ingmar_Nyhus,1985-,1985
x90635816,Svein_Nyhus,1962-,1962
x90671076,Justyna_Nyka,1963-,1963
x90406036,Gro_Nylander,1943-,1943
x90130948,Magne_Nylenna,1952-,1952
x90059884,Arild_Nyquist,1937-2004,1937
x90105349,Gerd_Nyquist,1913-1984,1913
x05099602,Ann_Solveig_Nystad,1961-,1961
x90153601,Liv_Nysted,1949-2010,1949
x90613926,Knut_Nærum,1961-,1961
x90118132,Alf_Næsheim,1926-,1926
x90156796,Egil_Torin_Næsheim,1939-,1939
x99020648,Alfred_Næss_(revyartist),1927-1997,1927
x90962677,Arne_Lindtner_Næss,1944-,1944
x90060958,Atle_Næss,1949-,1949
x90105927,Hans_Eyvind_Næss,1943-,1943
x90869371,Jan_Christopher_Næss,1964-,1964
x90056031,Kate_Næss,1938-1987,1938
x90894274,Kristine_Næss,1964-,1964
x04098012,Peder_Hamdahl_Næss,1971-,1971
x90615869,Tale_Næss,1969-,1969
x90148127,Berit_Nøkleby,1939-,1939
x11062157,Tone_Nørvåg,1971-,1971
x00008862,Joseph_O'Connor,1963-,1963
x90056769,Joyce_Carol_Oates,1938-,1938
x90056358,Tor_Obrestad,1938-,1938
x90076535,Sigbjørn_Obstfelder,1866-1900,1866
x01034029,Odd_Arne_Sørensen,1973-,1973
x90585344,Kenzaburo_Oe,1935-,1935
x90151960,Anders_Ohnstad,1911-2007,1911
x90368004,Åsmund_Ohnstad,1950-,1950
x90675442,Janette_Oke,1935-,1935
x90545681,Sigrun_Okkenhaug,1889-1939,1889
x06004470,Sofi_Oksanen,1977-,1977
x00053978,Tore_Oksholen,1960-,1960
x09050699,Ola_Bøe-Hansen,1969-,1969
x90102716,Ola_Stemshaug,1936-2013,1936
x09022889,Olaf_Olsvik,1955-,1955
x90166060,Olaf_Olafsen,1843-1932,1843
x12063452,Johann_Olearius,1611-1684,1611
x01033496,Jamie_Oliver,1975-,1975
x01024686,John_Andreas_Olsen,1968-,1968
x90181953,Morten_Harry_Olsen,1960-,1960
x90084869,Pål_Gerhard_Olsen,1959-,1959
x98078582,Tore_Strand_Olsen,1970-,1970
x90069642,Vivian_Zahl_Olsen,1942-,1942
x02117238,Linda_Olsson,1948-,1948
x90521323,Audgunn_Oltedal,1945-,1945
x03047085,Jan_Omdahl,1961-,1961
x90139313,Arthur_Omre,1887-1967,1887
x00055518,Hallgeir_Opedal,1965-,1965
x14018439,Oliver_Opheim,1990-,1990
x02076969,Ulf_Oppegaard,1911-1995,1911
x90521667,Arve_Opsahl,1921-2007,1921
x01022020,Carl_Petter_Opsahl,1964-,1964
x90191969,Gunvald_Opstad,1935-,1935
x90065561,Ivar_Orgland,1921-1994,1921
x90159986,Matias_Orheim,1884-1958,1884
x90374842,Øystein_Orten,1962-,1962
x90136209,Ivar_Orvedal,1952-,1952
x90076220,George_Orwell,1903-1950,1903
x90674950,Bård_Ose,1960-,1960
x03112970,Sara_Margrethe_Oskal,1970-,1970
x12016215,Bárður_Oskarsson,1972-,1972
x90139566,Erna_Osland,1951-,1951
x90272976,Leo_Oterhals,1941-,1941
x90775873,Anne_Oterholm,1964-,1964
x90102106,Jens_Otterbech,1868-1921,1868
x04075140,Camilla_Dahle_Otterlei,1980-,1980
x08060096,Kjetil_Ottersen,1983-,1983
x90155521,Olav_Ottersen,1929-2006,1929
x98005431,Josefine_Ottesen,1956-,1956
x90504224,Per_Ottesen,1945-,1945
x90207528,Kristian_Ottosen,1921-2006,1921
x90124515,Bjørn_Ousland,1959-,1959
x90385881,Ingrid_Jangaard_Ousland,1932-,1932
x90185932,Karl_Over-Rein,1946-,1946
x90174905,Wilfred_Owen,1893-1918,1893
x90373301,Alf_Oxem,1944-,1944
x90106155,Amos_Oz,1939-,1939
x90092353,Arne_Paasche_Aasen,1901-1978,1901
x90164485,Arto_Paasilinna,1942-,1942
x08059257,Christopher_Pahle,1982-,1982
x90863245,Marion_Palmer,1953-,1953
x90059102,Kirsti_Paltto,1947-,1947
x90550030,Orhan_Pamuk,1952-,1952
x05074075,Christopher_Paolini,1983-,1983
x90079229,Fredrik_Parelius,1879-1970,1879
x04048457,Karin_Park,1978-,1978
x90071065,Øistein_Parmann,1921-1999,1921
x05087853,Maria_Parr,1981-,1981
x90078714,John_Paulsen,1851-1924,1851
x90214686,Andreas_Paulson,1861-1953,1861
x90081486,Ole_Paus,1947-,1947
x90238234,Claus_Pavels,1769-1822,1769
x05037869,Michelle_Paver,1960-,1960
x90059649,Bente_Pedersen,1961-,1961
x90078294,Erling_Pedersen,1947-,1947
x90052113,Odd_Kvaal_Pedersen,1935-1990,1935
x90057191,Ragnar_Pedersen_(tegner),1942-2007,1942
x90406731,Tore_Bernitz_Pedersen,1935-,1935
x90114824,Torgeir_Rebolledo_Pedersen,1949-,1949
x90213349,Willy_Pedersen,1952-,1952
x03018117,Kate_Pendry,1965-,1965
x90403167,Sylvi_Penne,1947-,1947
x12030755,Louise_Penny,1958-,1958
x13044516,Pernille_Sjølett_Hansen,1978-,1978
x06025011,Mari_Persen,1977-,1977
x06019078,Eirik_Petersen,1958-,1958
x08025671,Marius_Nergård_Pettersen,1984-,1984
x90066896,Per_Petterson,1952-,1952
x10004676,Todd_Phillips,1970-,1970
x04071877,Roger_Pihl,1954-,1954
x90138839,Steven_Pinker,1954-,1954
x90054019,Harold_Pinter,1930-2008,1930
x90377199,Malgorzata_Piotrowska,1957-,1957
x13054370,Claude_Piron,1931-2008,1931
x90051182,Sylvia_Plath,1932-1963,1932
x10017810,Valborg_Platou,1839-1928,1839
x90065495,Ada_Polak,1914-2010,1914
x90066377,Brita_Pollan,1939-,1939
x90186296,Geir_Pollen,1953-,1953
x90139559,Kjell_Arild_Pollestad,1949-,1949
x90537621,Erik_Pontoppidan,1698-1764,1698
x02131728,Elyas_Poorgholam,1950-,1950
x05087087,Edy_Poppy,1975-,1975
x90251446,Cole_Porter,1891-1964,1891
x90254069,Tóroddur_Poulsen,1957-,1957
x05035362,Adam_Donaldson_Powell,1954-,1954
x12026552,Adrian_Pracon,1989-,1989
x90108238,Christen_Pram,1756-1821,1756
x90260963,Leif_Preus,1928-2013,1928
x90052333,Marcel_Proust,1871-1922,1871
x99005242,Christin_Grilstad_Prøis,1965-,1965
x90096066,Elin_Prøysen,1949-,1949
x99009917,Johann_Andreas_Quenstedt,1617-1688,1617
x90117421,Francisco_de_Quevedo,1580-1645,1580
x01028504,Annine_Qvale,1963-,1963
x90067950,Bjarne_Rabben,1907-2007,1907
x11070062,Bjarne_Rabben,1907-2003,1907
x90052151,Jean_Racine,1639-1699,1639
x90367568,Ellinor_Rafaelsen,1945-,1945
x90090449,Knut_Rage,1952-,1952
x90357969,Willi_Railo,1941-2010,1941
x90229318,Oddvar_Rakeng,1939-,1939
x02002502,Øystein_Rakkenes,1956-,1956
x90196370,Povel_Ramel,1922-2007,1922
x90133166,Eva_Ramm,1925-,1925
x05061053,Morten_Ramsland,1971-,1971
x97051429,Lars_Ramslie,1974-,1974
x90752681,Olav_Randen,1948-,1948
x90166305,Ørnulf_Ranheimsæter,1919-2007,1919
x90328022,Arthur_Ransome,1884-1967,1884
x90073476,Edith_Ranum,1922-2002,1922
x90543253,Jacob_Rasch,1669-1737,1669
x90196397,Rolf_Rasch-Engh,1942-,1942
x90251982,Jostein_Eivind_Rasmussen,1945-,1945
x90154504,Tarald_Rasmussen,1949-,1949
x07052584,Agnes_Ravatn,1983-,1983
x02111835,Tarjei_van_Ravens,1970-,1970
x90639691,Per-Bjarne_Ravnå,1962-,1962
x13048839,Lars_Rune_Rebbestad,1966-,1966
x90232462,Viggo_Ree,1950-,1950
x07026472,Liv_Hege_Refsdal,1963-,1963
x90156651,Ingjald_Reichborn-Kjennerud,1865-1949,1865
x90375125,Haldis_Reigstad,1939-,1939
x02083838,Matthew_Reilly,1974-,1974
x90767886,Arild_Rein,1960-,1960
x90599489,Jonas_Rein,1760-1821,1760
x90528965,Tore_Reinertsen,1941-,1941
x97044256,Berit_Reiss-Andersen,1954-,1954
x90251213,Gunnar_Reiss-Andersen,1896-1964,1896
x06076734,Anders_Jørgensen_Reitan,1826-1872,1826
x90080412,Håvard_Rem,1959-,1959
x90858991,Tore_Renberg,1972-,1972
x90769850,Eirik_Reppen,1967-,1967
x90059471,Pål_Repstad,1947-,1947
x90554748,Fritz_Reuter,1810-1874,1810
x90067577,Jean_Rhys,1890-1979,1890
x02100090,Asbjørn_Ribe,1975-,1975
x02038049,Kristin_Ribe,1972-,1972
x90621453,Tim_Rice,1944-,1944
x90619587,Christian_Richardt,1831-1892,1831
x90356939,Astri_Riddervold,1925-,1925
x90060902,Hallvard_Rieber-Mohn,1922-1982,1922
x90061173,Annie_Riis,1927-,1927
x90140970,Claus_Pavels_Riis,1826-1886,1826
x10066700,Eivind_Riise_Hauge,1980-,1980
x90795678,Jens_Aksel_Riisnæs,1948-,1948
x90866806,John_Erik_Riley,1970-,1970
x90053126,Rainer_Maria_Rilke,1875-1926,1875
x90695781,Øyvind_Rimbereid,1966-,1966
x90053049,Barbra_Ring,1870-1955,1870
x09051358,Kjell_Terje_Ringdal,1956-,1956
x90089651,Nils_Johan_Ringdal,1952-2008,1952
x90092464,Stein_Ringen,1945-,1945
x90246669,Gunnar_Ringheim,1953-,1953
x90159011,Haagen_Ringnes,1928-2008,1928
x90113167,Bjørn_Ringom,1945-,1945
x09068118,Rick_Riordan,1964-,1964
x90073330,Otto_Risanger,1945-,1945
x11038549,Elin_Rise,1983,1983
x11041097,Elin_Rise,1983-,1983
x90181750,Kari_Risvik,1932-,1932
x90330576,Kjell_Risvik,1941-,1941
x09003802,Nancy_Øvrehus_Riveland,1977-,1977
x90663338,Gunnar_Roalkvam,1951-,1951
x90173552,Nora_Roberts,1950-,1950
x90916133,Thomas_Robsahm,1964-,1964
x90678232,Kåre_Rodahl,1917-2008,1917
x90173814,Richard_Rodgers,1902-1979,1902
x90920579,Robert_Rodríguez,1968-,1968
x90133328,Jørn_Roeim,1950-,1950
x90184820,Knut_Roen,1921-1993,1921
x90185537,Bente_Roestad,1960-,1960
x90203710,Isak_Rogde,1947-2010,1947
x08023605,Bobby_Rogers,1940-,1940
x90077537,Anker_Rogstad,1925-1994,1925
x90078109,Nordahl_Rolfsen,1848-1928,1848
x90916189,Ulrik_Imtiaz_Rolfsen,1972-,1972
x90079440,Halvor_Roll,1929-,1929
x90578592,Kjetil_Rolness,1961-,1961
x07015134,Lajla_Rolstad,1978-,1978
x90264552,Tor_Inge_Romøren,1947-,1947
x90351853,Bjørn_Rongen,1906-1983,1906
x01082979,Arne_Ronold,1957-,1957
x09017020,Kjersti_Rorgemoen,1982-,1982
x90059377,Rosa_Liksom,1958-,1958
x90074537,Johan_Hammond_Rosbach,1921-2004,1921
x08049891,Theodor_Rose,1839-1924,1839
x10018388,Hans_Rosenfeldt,1964-,1964
x90150103,Carl_Olof_Rosenius,1816-1868,1816
x00048924,Randi_Rosenqvist,1951-,1951
x11013147,Otto_Rosing,1896-1965,1896
x05019702,Anders_Roslund,1961-,1961
x08057645,Tatiana_de_Rosnay,1961-,1961
x05072027,Frank_Rossavik,1965-,1965
x90817877,Øystein_Rosse,1956-,1956
x02105816,Arild_Rossebø,1974-,1974
x00065079,Jon_Rosslund,1960-,1960
x06006478,Jack_Rostøl,1952-,1952
x98065544,Siv_Kristin_Rotevatn,1964-,1964
x90111782,Hans_Rotmo,1948-,1948
x13021221,Linn_Rottem,1983-,1983
x04103540,Bernt_Rougthvedt,1956-,1956
x90088540,Borghild_Rud,1910-1999,1910
x90060117,Nils_Johan_Rud,1908-1993,1908
x00046904,Jon_Ruder,1959-,1959
x90229610,Ola_Rudvin,1899-1978,1899
x97029267,Anders_Kvåle_Rue,1965-,1965
x99071860,Kari_Rueslåtten,1973-,1973
x04100812,Øystein_Runde,1979-,1979
x07027495,Paul_Rusesabagina,1954,1954
x90128232,Arne_Ruset,1951-,1951
x01071477,Endre_Ruset,1981-,1981
x90096050,Salman_Rushdie,1947-,1947
x90341011,Unni_Rustad,1948-,1948
x90122323,Arne_Ruste,1942-,1942
x08019326,Solveig_Kristine_Moen_Rusten,1981-,1981
x90119622,Edvard_Ruud,1907-2001,1907
x12032521,May_Lis_Ruus,1968-,1968
x10042859,Asbjørn_Rydland,1976-,1976
x90735208,Eli_Rygg,1955-,1955
x90056565,Magnar_Rygg,1948-2000,1948
x90847974,Pernille_Rygg,1963-,1963
x90246354,Oluf_Rygh,1833-1899,1833
x90507277,Inger_Lise_Rypdal,1949-,1949
x90051683,Henrik_Rytter,1877-1950,1877
x90204817,Ragna_Rytter,1885-1972,1885
x90878901,Kjell_Råd,1923-2006,1923
x06023398,Skjalg_Raaen,1980-,1980
x90198517,Anton_Ræder,1855-1941,1855
x06086540,Berit_Rødstøl,1979-,1979
x99064121,Tonje_Røed,1972-,1972
x90386307,Eva_Røine,1928-,1928
x03039552,Hanne_Eggen_Røislien,1975-,1975
x90163218,Mona_Røkke,1940-2013,1940
x90252818,Birger_Røksund,1910-2001,1910
x02014198,Eivind_Rølles,1959-2013,1959
x90057281,Ole_Rølvåg,1876-1931,1876
x90618519,Edvard_Rønning,1952-,1952
x09066206,Jon_Niklas_Rønning,1979-,1979
x13068680,Jonas_Rønning,1970-,1970
x90059298,Svend_Rønning,1919-1991,1919
x05000740,Arild_Rønsen,1955-,1955
x08008752,Johannes_Rørtveit,1943-,1943
x90056021,Ove_Røsbak,1959-,1959
x90189367,Ole_Røsholdt,1940-,1940
x98065385,Ingelin_Røssland,1976-,1976
x98030241,Tor_Arve_Røssland,1971-,1971
x06024947,Bjørn_Røstad,1951-,1951
x90098365,Gro_Røsth,1945-,1945
x90094777,Pentti_Saarikoski,1937-1983,1937
x90242937,Herman_Sachnowitz,1921-1978,1921
x99060559,Angie_Sage,1952-,1952
x98074732,Lyder_Sagen,1777-1850,1777
x90054410,Rolf_Sagen,1940-,1940
x06097466,Steinar_Sagen,1975-,1975
x10076824,Tore_Sagen,1980-,1980
x05095861,Mari_Sager,1974-,1974
x90062946,Antoine_de_Saint-Exupéry,1900-1944,1900
x12051590,Verónica_Salinas,1977-,1977
x90401989,Tobias_Salmelid,1937-,1937
x90094789,Alf_Saltveit,1946-,1946
x05073980,Rune_Salvesen,1978-,1978
x06083972,Cecilia_Samartin,1961-,1961
x09069663,Elisabeth_Nordeng,1968-,1968
x90728914,Arne_Samuelsen,1950-,1950
x07015195,Bjarte_Samuelsen,1978-,1978
x01077927,Jørund_Fluge_Samuelsen,1972-,1972
x05026132,Laila_Samuelsen,1976-,1976
x90210891,Aage_Samuelsen,1915-1987,1915
x04034985,José_María_Sánchez-Silva,1911,1911
x12005638,Yoani_Sánchez,1975-,1975
x90101800,George_Sand,1804-1876,1804
x90268880,Gard_Erik_Sandbakken,1954-,1954
x90055802,Vidar_Sandbeck,1918-2005,1918
x90060535,Inger_Sandberg,1930-,1930
x90060536,Lasse_Sandberg,1924-,1924
x90095343,Magnus_Sandberg,1918-2010,1918
x90220785,Allan_Sande,1960-,1960
x90067093,Hans_Sande,1946-,1946
x90074075,Jakob_Sande,1906-1967,1906
x90073481,Cora_Sandel,1880-1974,1880
x90216482,Lina_Sandell-Berg,1832-1903,1832
x90194309,Arne_Sandem,1924-,1924
x04087964,Erlend_Sandem,1977-,1977
x90074218,Aksel_Sandemose,1899-1965,1899
x99067800,Bjarne_Sandemose,1924-2013,1924
x90244781,Iben_Sandemose,1950-,1950
x90168672,Jørgen_Sandemose,1945-,1945
x90136779,Solveig_Muren_Sanden,1918-2013,1918
x90176557,Anna_Marie_Sandnes,1903-1988,1903
x90078419,Hallvard_Sandnes,1893-1968,1893
x07056784,Rita_Løvseth_Sandnes,1975-,1975
x03113089,David_Aasen_Sandved,1973-,1973
x90058023,Kjell_Sandvik,1929-1992,1929
x90681344,Pål_Thonstad_Sandvik,1967-,1967
x90184174,Sverre_Sandvik,1918-1993,1918
x10077746,Jo_Sannem,1979-,1979
x05078124,Anne_Mette_Sannes,1964-,1964
x90112579,Tor_Borch_Sannes,1940-2007,1940
x90190470,José_Saramago,1922-2010,1922
x07037727,Sollaug_Sárgon,1965-,1965
x90090405,Gerd_Grønvold_Saue,1930-,1930
x08024465,Roberto_Saviano,1979-,1979
x90603701,Annik_Saxegaard,1905-1990,1905
x90542876,Eivind_Saxlund,1858-1936,1858
x98053177,Morten_Schakenda,1966-,1966
x90173212,Johan_Scharffenberg,1869-1965,1869
x10032436,Jon_Schau,1966-,1966
x01096211,Kristopher_Schau,1970-,1970
x90059297,Kjersti_Scheen,1943-,1943
x90542680,Einar_Schibbye,1900-1959,1900
x90099828,Alv_Schiefloe,1873-1951,1873
x06088349,Edmund_Schilvold,1979-,1979
x01020009,Georg_Robert_Schirmer,1845-1917,1845
x90289068,Cato_Schiøtz,1948-,1948
x90078107,Bodvar_Schjelderup,1932-,1932
x09019729,Erik_Schjenken,1968-,1968
x90076814,Torgeir_Schjerven,1954-,1954
x05020606,Oddvar_Schjølberg,1948-,1948
x98062271,Mathilde_Schjøtt,1844-1926,1844
x90156837,Steinar_Schjøtt,1844-1920,1844
x90322653,Frederik_Schmidt,1771-1840,1771
x90634609,Balthazar_Schnitler_(1862-1913),1862-1913,1862
x09004459,Jane_Johnston_Schoolcraft,1800-1842,1800
x90123493,Eugene_Schoulgin,1941-,1941
x90131331,Constance_Wiel_Schram,1890-1955,1890
x90550235,Amund_Schrøder,1925-2004,1925
x12013517,Ninni_Schulman,1972-,1972
x90114075,Conrad_Nicolai_Schwach,1793-1860,1793
x90167240,Johanna_Schwarz,1931-1996,1931
x07008771,Åsa_Gan_Schweder,1973-,1973
x90538539,Kristin_Solli_Schøien,1954-,1954
x97018462,Jakob_Schøning,1856-1934,1856
x90065271,Gerhard_Schøning,1722-1780,1722
x90097208,Carl_Schøyen,1877-1951,1877
x90067802,Gabriel_Scott,1874-1958,1874
x04018083,Mike_Scott,1958-,1958
x90058655,Walter_Scott,1771-1832,1771
x90093389,Sebastian_Haffner,1907-1999,1907
x90057819,Eva_Seeberg,1931-,1931
x90528354,Pete_Seeger,1919-2014,1919
x14007392,Bob_Seger,1945-,1945
x00053662,Åsne_Seierstad,1970-,1970
x90110934,Jardar_Seim,1943-,1943
x90203779,Elisabeth_Seip,1946-,1946
x90089650,Jens_Arup_Seip,1905-1992,1905
x90559740,Hilde_Sejersted,1941-,1941
x11028940,Erik_Meling_Sele,1987-,1987
x90875168,Lars_Ove_Seljestad,1961-,1961
x90610135,Aksel_Selmer,1958-,1958
x90068854,Odd_Selmer,1930-,1930
x90119267,Gunnar_Sem,1932-,1932
x90123773,Ingebjørg_Dahl_Sem,1936-,1936
x09015930,Jeanette_Semb,1972-,1972
x90364308,Rune_Semundseth,1966-,1966
x97051416,Kjersti_Bronken_Senderud,1971-,1971
x90051326,Sigurd_Senje,1919-1993,1919
x90263927,Siri_Senje,1957-,1957
x90055448,Peter_Serck,1957-,1957
x90228113,Ola_Setrom,1895-1946,1895
x05082326,Adelheid_Seyfarth,1963-,1963
x90052737,William_Shakespeare,1564-1616,1564
x03032422,Darren_Shan,1972-,1972
x90201470,Irwin_Shaw,1913-1984,1913
x90178277,Richard_Brinsley_Sheridan,1751-1816,1751
x97014567,Suresh_Chandra_Shukla,1954-,1954
x08069053,Guro_Sibeko,1975-,1975
x01055990,Philip_Sidney,1554-1586,1554
x03090088,Arve_Sigvaldsen,1945-,1945
x98049434,Daniel_Silva_(forfatter),1960-,1960
x90059470,Georges_Simenon,1903-1989,1903
x90966780,Harald_Simonnæs,1972-,1972
x90827592,Francesca_Simon,1955-,1955
x90883400,Paul_Simon,1941-,1941
x90203294,Per_Simonnæs,1928-,1928
x05032070,Jan_Simonsen,1953-,1953
x90054903,Holger_Sinding,1853-1929,1853
x90877040,Anan_Singh,1961-,1961
x09046962,Hege_Siri,1973-,1973
x97048881,Birger_Sivertsen,1953-,1953
x90080256,Solfrid_Sivertsen,1947-,1947
x90398852,Sylvester_Sivertson,1809-1847,1809
x90133023,Per_Sivle,1857-1904,1857
x90089859,Egil_Sjaastad,1949-,1949
x90071616,Birger_Sjöberg,1885-1929,1885
x90190044,Svein_Sjøberg,1943-,1943
x90067553,Fredrik_Skagen,1936-,1936
x90053117,Kaj_Skagen,1949-,1949
x90087146,Tormod_Skagestad,1920-1997,1920
x01069312,Morten_Skaget,1960-,1960
x07069365,Sarita_Skagnes,1969-,1969
x90651439,Bjarne_Skard,1896-1961,1896
x90071268,Olav_Skard,1881-1965,1881
x90109544,Torild_Skard,1936-,1936
x90155551,Anne-Kari_Skarðhamar,1946-,1946
x90191258,Terje_Skarsfjord,1942-,1942
x90764579,Frode_Skarstein,1970-,1970
x04080850,Atle_Skarsten,1962-,1962
x99033633,Emil_Skartveit,1963-,1963
x02049279,Trine_Skarvang,1953-,1953
x05066921,Pål_Wilter_Skedsmo,1978-,1978
x90550199,Mathias_Skeibrok,1851-1896,1851
x90053663,Eyvind_Skeie,1947-,1947
x07027575,Tore_Skeie,1977-,1977
x90240069,Kaare_Skevik,1952-,1952
x90172024,Olav_Skevik,1941-,1941
x90096202,Margaret_Skjelbred,1949-,1949
x90696041,Trond_Albert_Skjelbred,1968-,1968
x90812797,Gudmund_Skjeldal,1970-,1970
x90099086,Per_Johan_Skjærstad,1951-,1951
x90146327,Einar_Skjæraasen,1900-1966,1900
x90114947,Harald_Skjønsberg,1952-,1952
x10040932,Mads_Skjørberg,1988-,1988
x90068097,Dag_Skogheim,1928-,1928
x90243844,Jahn-Arill_Skogholt,1943-2007,1943
x90689747,Tore_Skoglund,1947-,1947
x90845381,Arvid_Skogseth,1952-,1952
x90236052,Arvid_Skogseth_(1928),1928-,1928
x90200611,Herbjørn_Skogstad,1946-,1946
x01087985,Lars_Espen_Skogvold,1972-,1972
x09036148,Kjersti_Annesdatter_Skomsvold,1979-,1979
x00006175,Espen_Skorstad,1970-,1970
x90980737,Lillian_Wirak_Skow,1939-,1939
x90060895,Amalie_Skram,1846-1905,1846
x04007859,Nina_Skramstad,1969-,1969
x90149418,Arnhild_Skre,1952-,1952
x90930661,Asle_Skredderberget,1972-,1972
x90100183,Christian_Skredsvig,1854-1924,1854
x01094806,Børge_Skråmestø,1964-,1964
x97047119,Jeanette_Sky,1969-,1969
x00055843,Linn_Skåber,1970-,1970
x03085641,Sigbjørn_Skåden,1976-,1976
x90051019,Rune_Slagstad,1945-,1945
x90067006,Bjarne_Slapgard,1901-1997,1901
x90822418,Aleksej_Slapovskij,1957-,1957
x90204193,Lars_Slettebø,1957-,1957
x90098817,Vegard_Sletten,1907-1984,1907
x90134353,Olav_Sletto,1886-1963,1886
x90774290,Hilde_Gunn_Slottemo,1968-,1968
x90515277,Knut_Smistad,1938-,1938
x90207918,Axel_Christian_Smith,1744-1823,1744
x90616564,Johan_Oscar_Smith,1871-1943,1871
x07060620,Nils_Henrik_Smith,1980-,1980
x04068586,Patti_Smith,1946-,1946
x90061293,Wilbur_Smith,1933-,1933
x00030286,Zadie_Smith,1975-,1975
x90084859,Kim_Småge,1945-,1945
x14003094,Erik_Smaaland,1986-,1986
x90410598,Jens_Schielderup_Sneedorff,1724-1764,1724
x99031699,Timothy_Snyder,1969-,1969
x01010864,Ingvill_Solberg,1974-,1974
x97006313,Kristin_Solberg,1982-,1982
x90256047,Ragnar_Solberg,1898-1967,1898
x98013084,Ingeborg_Solbrekken,1961-,1961
x01030367,Tina_Soli,1972-,1972
x90064504,Dag_Solstad,1941-,1941
x90086659,Thor_Soltvedt,1955-,1955
x11053135,Toril_Solvang,1974-,1974
x04088034,Odd_Ivar_Solvold,1969-,1969
x90102578,Monica_Kristensen_Solås,1950-,1950
x90592347,Ragne_Solås,1904-1997,1904
x90228710,Marry_Ailonieida_Somby,1953-,1953
x90363855,Øistein_Sommerfeldt,1919-1994,1919
x90056375,Aimée_Sommerfelt,1892-1975,1892
x90856334,Vladimir_Sorokin,1955-,1955
x90588786,Bjørn_Sortland,1968-,1968
x98075025,Natsume_Sōseki,1867-1916,1867
x90056295,Michael_Grundt_Spang,1931-2003,1931
x05055156,Paul_Speratus,1484-1551,1484
x90882560,Rikard_Spets,1971-,1971
x04014348,Kristin_Spitznogle,1972-,1972
x90212556,Bruce_Springsteen,1949-,1949
x90547488,Jan_Spurkeland,1941-,1941
x90780554,Tone_Gleditsch_Stabell,1966-,1966
x08031915,Kari_Stai,1974-,1974
x04085688,Linn_Stalsberg,1971-,1971
x97020045,Tom_Stalsberg,1957-,1957
x90117538,Jørgen_Stang,1924-2002,1924
x90386994,Helge_Stangnes,1936-,1936
x90185577,Hermann_Starheimsæter,1950-,1950
x90095053,Ulf_Stark,1944-,1944
x08018273,Arild_Stavrum,1972-,1972
x90731491,Gunnar_Stavrum,1961-,1961
x07054519,Ingvill_Merete_Stedøy-Johansen,1957-,1957
x90074343,Danielle_Steel,1947-,1947
x06092864,Erica_Steen,1940-,1940
x02089792,Frode_Steen,1947-,1947
x05009641,Rune_Berglund_Steen,1974-,1974
x90168642,Sverre_Steen,1898-1983,1898
x90104726,Thorvald_Steen,1954-,1954
x90299964,Arnt_Stefansen,1953-,1953
x90091276,Pål_Steigan,1949-,1949
x07047157,Tarald_Stein,1977-,1977
x90081598,John_Steinbeck,1902-1968,1902
x90381735,Erik_Steineger,1949-,1949
x90061942,George_Steiner,1929-,1929
x90069042,Kjell_Steinsholt,1929-,1929
x90913684,Kjellaug_Steinslett,1946-2011,1946
x90336332,Marta_Steinsvik,1877-1950,1877
x00014425,Tore_Stemland,1963-,1963
x03118445,Viveca_Sten,1959-,1959
x90065449,Stendhal,1783-1842,1783
x90869503,Rolf_Stenersen,1899-1978,1899
x06024294,Espen_Stenhammer,1966-,1966
x13033681,Trude_Stenhammer,1962-,1962
x09075383,Einar_Stenseng,1982-,1982
x90185815,Bodil_Stenseth,1955-,1955
x90958411,Eva_Stensrud,1959-,1959
x90159068,Gudbjørg_Fønhus_Stensrud,1934-2012,1934
x06010215,Sara_Li_Stensrud,1979-,1979
x11061339,Bår_Stenvik,1976-,1976
x90681901,Neal_Stephenson,1959-,1959
x90066540,Robert_Louis_Stevenson,1850-1894,1850
x00044469,Rod_Stewart,1945-,1945
x02106424,Bent_Stiansen,1963-,1963
x90078719,Laila_Stien,1946-,1946
x14011147,Ellisiv_Stifoss-Hanssen,1980-,1980
x90057956,Anfinn_Stigen,1923-1994,1923
x90067880,Terje_Stigen,1922-2010,1922
x10019368,Kathryn_Stockett,1969-,1969
x90359658,Nils_Joachim_Christian_Vibe_Stockfleth,1787-1866,1787
x90677977,Ragnfrid_Stokke,1944-,1944
x90871802,Gerhard_Stoltz_(f._1948),1948-,1948
x90090288,Reidar_Storaas,1931-,1931
x09067647,Marianne_Storberg,1974-,1974
x90612909,Erling_Stordahl,1923-1994,1923
x90388331,Hege_Storhaug,1962-,1962
x01058022,Ingrid_Storholmen,1976-,1976
x90308817,Edvard_Storm,1749-1794,1749
x90110173,Gunvor_Stornes,1924-2013,1924
x90505899,Eva_Storsveen,1943-,1943
x90965661,Egil_Strand,1900-1982,1900
x10005909,Vibeke_Blaker_Strand,1977-,1977
x03040233,Simon_Stranger,1976-,1976
x06039803,Sara_Stridsberg,1972-,1972
x90957268,Morten_Andreas_Strøksnes,1965-,1965
x90065189,Erling_Strøm,1902-1970,1902
x90097127,Eva_Ström,1947-,1947
x90074003,Hans_Strøm,1726-1797,1726
x90106730,Tonje_Strøm,1937-2010,1937
x90613106,Terje_Strøm-Olsen,1952-2009,1952
x90560815,Trond_Strømdahl,1961-,1961
x99021323,Jo_Strømgren,1970-,1970
x09050654,Linn_Strømsborg,1986-,1986
x03024700,Kristian_Lykkeslet_Strømskag,1980-,1980
x90099584,Aase_Strømstad,1931-,1931
x90858664,Pia_Strømstad,1963-,1963
x90106584,Finn_Strømsted,1925-2003,1925
x90956340,Tore_Strømøy,1960-,1960
x90065549,Tore_Stubberud,1947-,1947
x90124266,Arild_Stubhaug,1948-,1948
x06012030,Sigurd_Stubsjøen,1961-,1961
x90270997,Ola_Svein_Stugu,1947-,1947
x90087965,Gunnar_Staalesen,1947-,1947
x11083622,Bjørn_Stærk,1978-,1978
x90083883,Arne_Hugo_Stølan,1955-,1955
x04106424,Jan_Aasmann_Størksen,1961-,1961
x90181498,Bernt_Støylen,1858-1937,1858
x90750187,Su_Tong,1963-,1963
x90127277,Vince_Sulyok,1932-2009,1932
x90063245,Torvald_Sund,1952-,1952
x11022706,Cato_Sundberg,1981-,1981
x11022705,Kent_Sundberg,1984-,1984
x90548189,Annemor_Sundbø,1949-,1949
x90059749,Asbjørn_Sunde,1909-1985,1909
x90108074,Ole_Robert_Sunde,1952-,1952
x07023311,Susanne_Sundfør,1986-,1986
x05017042,Vidar_Sundstøl,1963-,1963
x90089194,Karen_Sundt,1841-1924,1841
x04049256,Lars_Sigurd_Sunnanå,1946-,1946
x98068380,Peter_Svalheim,1958-,1958
x06070060,Tor_Even_Svanes,1978-,1978
x90197442,Bjarne_Svare,1897-1973,1897
x90324960,Frode_Svartdal,1952-,1952
x02124719,Birte_Svatun,1958-,1958
x99000584,Gard_Sveen,1969-,1969
x08032180,Lars_Petter_Sveen,1981-,1981
x90105518,Åsmund_Sveen,1910-1963,1910
x90148117,Arvid_Sveli,1920-,1920
x90390492,Jan_Svennevig,1962-,1962
x90543058,Sven_Svensen,1863-1943,1863
x90100822,Harald_Sverdrup,1923-1992,1923
x90327991,Jakob_Sverdrup_(1881–1938),1881-1938,1881
x90566115,Arne_Svingen,1967-,1967
x90060683,Ingvald_Svinsaas,1912-1990,1912
x10067590,Lucy_Swann,1981-,1981
x90065606,Wilhelm_Swensen,1894-1966,1894
x90211572,Tommy_Sydsæter,1964-,1964
x90617137,Håvard_Syvertsen,1962-,1962
x02130573,Jan-Sverre_Syvertsen,1968-,1968
x90273395,Wisława_Szymborska,1923-2012,1923
x90063847,Olav_Såtvedt,1946-,1946
x90522837,Jostein_Sæbøe,1942-,1942
x90074479,Frithjof_Sælen,1917-2004,1917
x90074109,Stig_Sæterbakken,1966-2012,1966
x90909095,John_Arne_Sæterøy,1965-,1965
x08048946,Eirik_Husby_Sæther,1984-,1984
x90839214,Vegard_Sæther,1967-,1967
x90074610,Wera_Sæther,1945-,1945
x90984798,Harald_Sætre,1949-,1949
x01019721,Inga_Sætre,1978-,1978
x02126716,Simen_Sætre,1974-,1974
x02115611,Sverre_Sætre,1972-,1972
x90145159,Morten_Søberg,1969-,1969
x90690572,Nils_Harald_Sødal,1964-,1964
x90134603,Hjalmar_Söderberg,1869-1941,1869
x90166389,Staffan_Söderblom,1947-,1947
x98063485,Didrik_Søderlind,1971-,1971
x06063869,Are_Frode_Søholt,1974-2012,1974
x12011515,Håkon_Forfod_Sønneland,1972-,1972
x90338700,Tommy_Sørbø,1953-,1953
x90076179,Herbjørn_Sørebø,1933-2003,1933
x90829756,Ernst_Sørensen,1903,1903
x90185968,Henrik_Sørensen,1882-1962,1882
x98060386,Nikolai_Julius_Sørensen,1850-1923,1850
x00020481,Per_Olav_Sørensen,1963-,1963
x90073762,Thor_Sørheim,1949-,1949
x90182080,Stian_Sørlie_(1928),1928-,1928
x90084247,Steinar_Sørlle,1942-,1942
x09063540,Torgrim_Sørnes,1956-,1956
x05063425,Kristin_Sørsdal,1966-,1966
x90229518,Kiki_Sørum,1939-2009,1939
x00050175,Steffen_Sørum,1976-,1976
x04011153,Hanne_Sørvaag,1979-,1979
x90077431,Gerd_Søraa,1934-,1934
x05036749,Koushun_Takami,1969-,1969
x90056663,Marie_Takvam,1926-2008,1926
x90177672,Erling_Tambs,1888-1967,1888
x08082881,Shaun_Tan,1974-,1974
x90059325,Erik_Tandberg,1932-,1932
x90713722,Henry_Albert_Tandberg,1871-1959,1871
x90057237,Alf_Tande-Petersen,1950-,1950
x90090009,Kjetil_Tandstad,1950-,1950
x90065764,Roar_Tank,1880-1957,1880
x90059333,Kristen_Taraldsen,1936-,1936
x11038885,Christophe_Tarkos,1963-2004,1963
x90215644,Torquato_Tasso,1544-1595,1544
x90225656,Max_Tau,1897-1976,1897
x90058803,Evert_Taube,1890-1976,1890
x99071026,Yōko_Tawada,1960-,1960
x07075381,Jim_Taylor,1964,1964
x13013627,Stefan_Tegenfalk,1965-,1965
x90319301,Alice_Tegnér,1864-1943,1864
x90084732,Esaias_Tegnér,1782-1846,1782
x02089676,Trude_Teige,1960-,1960
x03061865,Bjørnar_Teigen,1971-,1971
x90237696,Jahn_Teigen,1949-,1949
x90154614,Karl_Halvor_Teigen,1941-,1941
x90702930,Lene_Therese_Teigen,1962-,1962
x90242797,Jørund_Telnes,1845-1892,1845
x90070914,Kirsti_Brun_Texmo,1941-,1941
x90202306,Harald_Thaulow,1887-1971,1887
x90735236,Anne_Thelle,1969-,1969
x08015640,Johan_Theorin,1963-,1963
x90546850,Sverre_Therkelsen,1925-,1925
x06061626,Thomas_Marco_Blatt,1980-,1980
x90077195,Reidar_Thomassen,1936-,1936
x00003170,Hans_Thomissøn,1532-1573,1532
x98075037,Mikkel_Thommessen,1945-,1945
x07002431,Thorstein_Thomsen,1950-,1950
x09019570,Jan_Ingar_Thon,1968-,1968
x90788472,Børt-Erik_Thoresen,1932-2011,1932
x90108685,Felix_Thoresen,1923-1991,1923
x90283072,Knut_Flovik_Thoresen,1971-,1971
x90079914,Magdalene_Thoresen,1819-1903,1819
x00027883,Ingvill_Skjold_Thorkildsen,1982-,1982
x90408149,Gerd-Ragna_Bloch_Thorsen,1951-2006,1951
x01059185,Thea_Selliaas_Thorsen,1974-,1974
x90542776,Thor_Thorsen,1927-1999,1927
x90388788,Øyvind_Thorsen,1943-,1943
x90128310,Ragnar_Thorseth,1948-,1948
x90689876,Johan_Thorud,1944-,1944
x90075757,Kirsten_Thorup,1942-,1942
x04026990,Torill_Thorup,1976-,1976
x90176346,Johannes_Thrap-Meyer,1898-1929,1898
x05069898,Jorun_Thørring,1955-,1955
x90086345,Ludwig_Tieck,1773-1853,1773
x99018714,Carl_Frode_Tiller,1970-,1970
x02002437,Rune_Timberlid,1950-,1950
x90078100,Uwe_Timm,1940-,1940
x90838665,Svein_Tindberg,1953-,1953
x10019737,Kari_Tinnen,1975-,1975
x90099301,Torgrim_Titlestad,1947-,1947
x03112004,Charles_Tjessem,1971-,1971
x09064719,Håvard_Tjora,1977-,1977
x09058975,Anders_Tjore,1980-,1980
x02051120,Brynjulf_Jung_Tjønn,1980-,1980
x11049302,Bjarte_Tjøstheim,1967-,1967
x90891192,Erling_Tobiassen,1893-1982,1893
x09061701,Siri_Fjellvang_Tobiassen,1966-,1966
x98073442,Per_Anders_Todal,1968-,1968
x01005306,Jan_Toft,1961-,1961
x09035146,Kristine_Tofte,1970-,1970
x03121523,Finn_Tokvam,1972-,1972
x90154804,Astrid_Tollefsen,1897-1973,1897
x90090099,Asbjørn_Toms,1915-1990,1915
x90089338,Zacharias_Topelius,1818-1898,1818
x06012707,Tor_Ærlig,1965-,1965
x90124716,Reinert_Torgeirson,1884-1969,1884
x00028254,Bård_Torgersen,1967-,1967
x90261371,Fredrik_Fasting_Torgersen,1934-,1934
x90085915,Svenn_Torgersen,1941-,1941
x90149888,Trond-Viggo_Torgersen,1952-,1952
x09051102,Christer_Torjussen,1970-,1970
x07058951,Thomas_Seeberg_Torjussen,1974-,1974
x90382364,Per_Inge_Torkelsen,1953-,1953
x90115669,Arne_Torp,1942-,1942
x99017745,Øyvind_Torseter,1972-,1972
x90129522,Oddvar_Torsheim,1938-,1938
x90138106,Magnus_Helge_Torvanger,1951-,1951
x90109795,Helge_Torvund,1951-,1951
x98070616,Bjørg_Tosterud,1943-,1943
x90603137,Johs_Totland,1954-,1954
x00066795,Terje_Tranaas,1960-,1960
x03000313,Torstein_Tranøy,1964-2009,1964
x90169059,Tomas_Tranströmer,1931-,1931
x12016257,Ingrid_Marie_Treborg,1982-,1982
x90053116,Arne_Treholt,1942-,1942
x90935198,Charles_Trenet,1913-2001,1913
x00049400,Ragnfrid_Trohaug,1975-,1975
x07067545,Tyra_Teodora_Tronstad,1972-,1972
x97049443,Kjetil_Try,1959-,1959
x90863602,Ronny_Trælvik,1968-,1968
x90666796,Stephan_Tschudi,1908-1996,1908
x90733091,Anton_Tsjekhov,1860-1904,1860
x90069632,Torvald_Tu,1893-1955,1893
x90500209,Christian_Braunmann_Tullin,1728-1765,1728
x90940268,Arne_Tumyr,1933-,1933
x90756317,Erik_Tunstad,1954-,1954
x11057751,Antti_Tuomainen,1971-,1971
x00019930,Helene_Tursten,1954-,1954
x90066358,Marit_Tusvik,1951-,1951
x04108982,Sigrid_Bonde_Tusvik,1980-,1980
x90201515,Rune_Tuverud,1959-,1959
x05073326,Chris_Tvedt,1954-,1954
x90134476,Jens_Tvedt,1857-1935,1857
x90361169,Knut_Are_Tvedt,1952-,1952
x90564048,Bjørn_Olav_Tveit,1970-,1970
x90072341,Norvald_Tveit,1927-,1927
x90374911,Odd_Karsten_Tveit,1945-,1945
x90604370,Olav_Jakob_Tveit,1944-,1944
x09031752,Sverre_Tveit,1982,1982
x99017331,Knut_Tveitereid,1973-,1973
x08059786,Kirsten_Hove_Tveito,1944-,1944
x05088358,Haakon_Tveten,1910-2004,1910
x90056487,Mark_Twain,1835-1910,1835
x00045538,Terje_Tysland,1951-,1951
x90910021,Espen_Tønnessen,1970-,1970
x90328993,Christian_Tønsberg,1813-1897,1813
x90064495,Jan_Jakob_Tønseth,1947-,1947
x06073112,Mia_Törnblom,1967-,1967
x01021883,Terje_Tørrissen,1960-,1960
x90065956,Sverre_Udnæs,1939-1982,1939
x11034472,Kjersti_Ugelstad,1972-,1972
x90542355,Johan_Varen_Ugland,1946-,1946
x90184896,Egil_Ulateig,1946-,1946
x90963331,Linn_Ullmann,1966-,1966
x90054597,Liv_Ullmann,1938-,1938
x90095517,Ragnar_Ulstein,1920-,1920
x07066497,Geir_Stian_Orsten_Ulstein,1982-,1982
x90055771,Jan_Ove_Ulstein,1944-,1944
x90093311,Åshild_Ulstrup,1934-,1934
x90100315,Tor_Ulven,1953-1995,1953
x90150366,Stein_Erik_Ulvund,1952-,1952
x97007213,Lars_Erik_Underthun,1957-,1957
x90055527,Sigrid_Undset,1882-1949,1882
x90063854,Kristofer_Uppdal,1878-1961,1878
x90344155,Helene_Uri,1964-,1964
x99022976,Johan_Fredrik_Urnes,1962-,1962
x90851488,Øyvind_Urnes,1949-,1949
x90391214,Henry_Ussing,1886-    .,1886
x08013643,Henry_Ussing,1886-1954,1886
x90340093,Willy_Ustad,1946-,1946
x90783943,Øystein_Ustvedt,1965-,1965
x90087199,Geir_Uthaug,1950-,1950
x90063679,Paulus_Utsi,1918-1975,1918
x10035629,Eli_Fossdal_Vaage,1984-,1984
x90361466,Tormod_Valaker,1947-,1947
x09056790,Odd_Egil_Valderhaug,1950-,1950
x90143534,Per_Halvor_Vale,1939-,1939
x09010395,Christian_Valeur,1986-,1986
x90746148,Erik_Valeur,1955-,1955
x10063994,Tiril_Valeur,1975-,1975
x04006658,Niko_Valkeapää,1968-,1968
x90067942,Nils-Aslak_Valkeapää,1943-2001,1943
x90553131,Gerd-Liv_Valla,1948-,1948
x00070077,Kristin_Valla,1975-,1975
x00049764,Eli_Sol_Vallersnes,1973-,1973
x90110524,Nina_Valsø,1962-2002,1962
x90081863,Eirik_Vandvik,1904-1953,1904
x90631536,Ingrid_Vang_Nyman,1916-1959,1916
x90282228,Andris_Vang,1795-1877,1795
x03037699,Vidar_Vang,1976-,1976
x90566099,Arild_Vange,1955-,1955
x90381519,Ingerid_Vardund,1927-2006,1927
x99062321,Jan_Vardøen,1962-,1962
x90113269,Olav_Varen,1922-,1922
x90931354,Eirik_Vassenden,1971-,1971
x90237778,Leif_Vatle,1928-,1928
x90558759,Sylvelin_Vatle,1957-,1957
x90125879,Jan_Vea,1945-,1945
x99056988,Margit_Vea,1966-,1966
x90134270,Sverre_Vegenor,1886-1950,1886
x90123728,Jonas_Vellesen,1842-1915,1842
x90095897,Christian_Vennerød,1946-,1946
x02106927,Maria_Tryti_Vennerød,1978-,1978
x90056052,Jules_Verne,1828-1905,1828
x90513722,Stein_Versto,1957-,1957
x90590904,Guri_Vesaas,1939-,1939
x90100517,Martin_Vestlien,1907-1986,1907
x90066410,Anne-Cath._Vestly,1920-2008,1920
x90266681,Johan_Vestly,1923-1993,1923
x90060168,Bernt_Vestre,1927-2002,1927
x90061079,Halldis_Moren_Vesaas,1907-1995,1907
x90133260,Leif_Vetlesen,1921-2003,1921
x90657553,Vesla_Vetlesen,1930-,1930
x12065598,Mona_Vetrhus,1975-,1975
x99064029,Eirik_Veum,1975-,1975
x02099554,Øystein_Vidnes,1976-,1976
x07035127,Bodil_Vidnes-Kopperud,1975-,1975
x90518856,António_Vieira,1608-1697,1608
x90071006,Marianne_Viermyr,1947-,1947
x99053506,Andreas_Viestad,1973-,1973
x90650881,Haftor_Viestad,1941-,1941
x90054190,Bjørg_Vik,1935-,1935
x09049690,Kjersti_Vik,1974-,1974
x00054595,Øyvor_Dalan_Vik,1966-,1966
x10067499,Anne_Viken,1979-,1979
x90550649,Ola_Viker,1897-1972,1897
x90622758,Jan_Bojer_Vindheim,1945-,1945
x90153600,Gudmund_Vindland,1949-,1949
x90122322,Triztán_Vindtorn,1942-2009,1942
x90056184,Kari_Vinje,1931-,1931
x90260404,Aagot_Vinterbo-Hohr,1936-,1936
x90347731,Erling_Virkesdal,1937-,1937
x98058934,Kåre_Virud,1943-,1943
x90706991,David_Vogt_(arkeolog),1963-,1963
x07058947,Eskil_Vogt,1974-,1974
x90080439,Judith_Vogt,1929-,1929
x90124814,Kari_Vogt,1939-,1939
x90066977,Nils_Collett_Vogt,1864-1937,1864
x90611638,Per_Vogt,1903-1971,1903
x90529635,Jan_Erik_Vold,1939-,1939
x90267338,Ragnar_Vold,1906-1967,1906
x90393969,Reidar_Vollen,1943-2011,1943
x90111232,Joost_van_den_Vondel,1587-1679,1587
x90077010,Inger_Vonheim,1943-2009,1943
x06077311,Sarah_Vowell,1969,1969
x90222750,Kerttu_Vuolab,1951-,1951
x90105497,Aslaug_Vaa,1889-1965,1889
x90379937,Eldar_Vågan,1960-,1960
x04102681,Anemone_Wille_Våge,1965-,1965
x90188377,Jakob_Vaage,1905-1994,1905
x90089587,Lars_Amund_Vaage,1952-,1952
x90341059,Ragnvald_Vaage,1889-1966,1889
x00009289,Øyvind_Vågnes,1972-,1972
x04042287,Lars_Egil_Vågseter,1951-,1951
x98038658,Svein_Tang_Wa,1946-,1946
x02058833,Paul_Waaktaar-Savoy,1961-,1961
x90129595,Cato_Wadel,1936-2011,1936
x06044456,Karin_Wahlberg,1950-,1950
x90728044,David_Foster_Wallace,1962-2008,1962
x90067182,Martin_Walser,1927-,1927
x90052148,Fredrik_Wandrup,1951-,1951
x98025451,Sølvi_Wang,1929-2011,1929
x06037092,Mala_Wang-Naveen,1976-,1976
x90786071,Torild_Wardenær,1951-,1951
x01008604,Jeff_Wasserman,1954-,1954
x90095668,Herbjørg_Wassmo,1942-,1942
x90053584,Frank_Wedekind,1864-1918,1864
x05050771,Eirik_Wekre,1966-,1966
x90059316,Fay_Weldon,1931-,1931
x90340177,Finn_Wellberg,1930-,1930
x01021692,Selene_Wendt,1966-,1966
x90335597,Kitty_Wentzel,1868-1961,1868
x90102534,Nils_Werenskiold,1920-,1920
x90542869,Nicolai_Wergeland,1780-1848,1780
x90073268,Rolv_Wesenlund,1936-2013,1936
x90059311,John_Wesley,1703-1791,1703
x90082691,Ellisif_Wessel,1866-1949,1866
x90119426,Johan_Herman_Wessel,1742-1785,1742
x90363921,Mae_West,1893-1982,1893
x04036667,Carina_Westberg,1972-,1972
x00055083,Nina_Wester,1974-,1974
x10067577,Lene_Aarnes_Westerhaug,1968-,1968
x90115703,Anna_Elisabeth_Westerlund,1907-1995,1907
x90141731,Bjørn_Westlie,1949-,1949
x04084963,Marit_Røttingsnes_Westlie,1970-,1970
x90156232,Harry_Westrheim,1915-2007,1915
x90565281,Marie_Wexelsen,1832-1911,1832
x00052300,Jim_White,1957-,1957
x90052356,Walt_Whitman,1819-1892,1819
x90062177,Julli_Wiborg,1880-1947,1880
x90086455,Anne_Wichstrøm,1941-,1941
x00037782,Madeleine_Wickham,1969-,1969
x02116923,Martin_Widmark,1961-,1961
x90259817,Kjetil_Wiedswang,1955-,1955
x90927024,Hans_Wiers-Jenssen,1866-1925,1866
x90112050,Ingrid_Wiese,1961-,1961
x90234804,Jan_Wiese,1928-,1928
x90540435,Jujja_Wieslander,1944-,1944
x90130448,Kjell_Arnljot_Wig,1924-,1924
x99045041,Øystein_Wiik,1956-,1956
x90078168,Carl-Henning_Wijkmark,1934-,1934
x02096130,Lene_Wikander,1968-,1968
x90089819,Ilon_Wikland,1930-,1930
x90053575,Oscar_Wilde,1854-1900,1854
x90075583,Gisken_Wildenvey,1892-1985,1892
x90653095,Hans_Jacob_Wille,1756-1808,1756
x90058466,Tennessee_Williams,1911-1983,1911
x12062190,Odd-Magnus_Williamson,1980-,1980
x99062994,Torkil_Williksen,1968-,1968
x03028062,Helena_Willis,1964-,1964
x90268631,Herman_Willis,1954-,1954
x90123224,Kåre_Willoch,1928-,1928
x90101031,Jacob_Nicolai_Wilse,1735-1801,1735
x07076466,Donald_Wilson,1910-2002,1910
x90399899,Cecilie_Winger,1964-,1964
x06049882,Julius_Winger,1970-,1970
x90117299,Hanna_Winsnes,1789-1872,1789
x09044589,Nelly_Winterhalder,1979-,1979
x90092216,Kristian_Winterhjelm,1843-1915,1843
x90068250,Christian_Winther,1796-1876,1796
x90080922,Carl_Fredrik_Wisløff,1908-2004,1908
x90380059,Svein_Woje,1942-,1942
x04092968,Bendik_Wold,1979-,1979
x90319975,Kjersti_Wold,1962-,1962
x90079381,Øystein_Wingaard_Wolf,1958-,1958
x00024791,Simon_Olaus_Wolff,1796-1859,1796
x90611049,Per_Wollebæk,1910-1976,1910
x90764450,Mary_Wollstonecraft,1759-1797,1759
x10073413,Anna_Tostrup_Worsley,1974-,1974
x99050849,Hege_Woxen,1975-,1975
x90069888,Richard_Wright_(forfatter),1908-1960,1908
x06070855,Marte_Wulff,1980-,1980
x05003677,Anders_Wyller,1964-,1964
x10079447,Siv_Wyller,1974-,1974
x03104115,Trygve_Wyller_(1888),1888-1960,1888
x05049137,Vegard_Bruun_Wyller,1972-,1972
x90071708,Gudrun_Waadeland,1937-,1937
x90608399,Johan_Waage,1912-1975,1912
x90196173,Peter_Normann_Waage,1953-,1953
x90318125,Nic_Waal,1905-1960,1905
x90102327,Leif_Wærenskjold,1907-1977,1907
x99069068,Gunnar_Wærness,1971-,1971
x02102826,Xue_Xinran,1958-,1958
x08017516,Yan_Lianke,1958-,1958
x90958402,Henning_Hai_Lee_Yang,1949-,1949
x02108552,Bård_Ylvisåker,1982-,1982
x02108553,Vegard_Ylvisåker,1979-,1979
x07041031,Ken'ichi_Yoshida_(forfatter),1912-1977,1912
x90856702,Banana_Yoshimoto,1964-,1964
x06025223,Mariann_Youmans,1971-,1971
x99030456,Neil_Young,1945-,1945
x06067646,Yrsa_Sigurðardóttir,1963-,1963
x90774313,Hans_Magnus_Ystgaard,1941-,1941
x90104845,Nils_Yttri,1947-1980,1947
x03104591,Yu_Hua,1960-,1960
x13048960,Wasim_Zahid,1975-,1975
x90696888,Jan_Zahl,1969-,1969
x90256494,Olav_Zakariassen,1946-,1946
x90107869,Peter_Wessel_Zapffe,1899-1990,1899
x90844186,Apostolo_Zeno,1668-1750,1668
x99039242,Bertine_Zetlitz,1975-,1975
x90160870,Jens_Zetlitz,1761-1821,1761
x09060512,René_Zografos,1966-,1966
x07016229,Markus_Zusak,1975-,1975
x90622881,Dagfinn_Zwilgmeyer,1900-1979,1900
x90062264,Dikken_Zwilgmeyer,1853-1913,1853
x90206204,Kalle_Zwilgmeyer,1937-2010,1937
x90088421,Andreas_Aabel_(lege),1830-1901,1830
x90235627,Per_Aabel,1902-1999,1902
x03112449,Vemund_Solheim_Ådland,1974-,1974
x90144340,Per_Magne_Aadnanes,1944-,1944
x90211292,Bjarne_Aagaard,1873-1956,1873
x90143283,Gustav_Aagaard,1852-1927,1852
x01006422,Truls_Åkerlund,1973-,1973
x00041457,Liv_Aakvik,1948-,1948
x90097653,Jacob_Aaland,1865-1950,1865
x11010773,Mariann_Aaland,1981-,1981
x01098541,Ragnar_Aalbu,1966-,1966
x09057375,Trine_Åldstedt,1964-,1964
x11062528,Ida_Aalen,1985-,1985
x90886588,David_Åleskjær,1972-,1972
x08040698,Sindre_Aam,1969-,1969
x90844335,Asbjørn_Aamodt,1893-1966,1893
x90179753,Bjørn_Aamodt,1944-2006,1944
x98064375,Ingunn_Aamodt,1965-,1965
x07038170,Tina_Åmodt,1985-,1985
x90587799,Knut_Olav_Åmås,1968-,1968
x90378095,Hans_Olaf_Aanensen,1945-,1945
x90352727,Ellen_Aanesen,1945-,1945
x01049409,Jarl_Aanestad,1973-,1973
x90059648,Hans_Aanrud,1863-1953,1863
x05085889,Oddbjørn_Aardalen,1944-,1944
x90187550,Wilhelm_Aarek,1907-1999,1907
x90123589,Solveig_Aareskjold,1949-,1949
x90251006,Berthe_Canutte_Aarflot,1795-1859,1795
x90802037,Franzisca_Aarflot,1963-,1963
x09059470,Helle_Aarnes,1971-,1971
x90055460,Sverre_Årnes,1949-,1949
x90203893,Sven_Aarrestad,1850-1942,1850
x90068228,Olav_Aaraas,1950-,1950
x90841432,Selma_Lønning_Aarø,1972-,1972
x90169146,Erlend_Aas,1957-,1957
x90087113,Ulf_Aas,1919-2011,1919
x90706501,Morten_Aasbø,1952-,1952
x09064757,Leif_Aase,1963-,1963
x90760387,Finn_Aasen,1916-1994,1916
x90064083,Ivar_Aasen,1813-1896,1813
x90100506,Kjell_Åsen,1931-,1931
x07060080,Eskil_Åsmul,1972-,1972
x90681466,Anne_Kristin_Aasmundtveit,1962-,1962
x90389443,Håkon_Aasnes,1943-,1943
x97049223,Monica_Aasprong,1969-,1969
x04021679,Hans_Petter_Aass,1967-,1967
x04024781,Kjell_Aasum,1955-,1955
x90054268,Asbjørn_Aavik,1902-1997,1902
x90789689,Knut_Jørgen_Røed_Ødegaard,1966-,1966
x11044792,Ingrid_Ødegaard,1977-,1977
x90059090,Knut_Ødegård,1945-,1945
x90604563,Morten_Øen,1969-,1969
x90058712,Finn_Øglænd,1957-,1957
x90129498,Otto_Øgrim,1913-2006,1913
x90112171,Stein_Øgrim,1945-,1945
x90073297,Tron_Øgrim,1947-2007,1947
x00012472,Frode_Sander_Øien,1969-,1969
x08012759,Lene_Alexandra_Øien,1981-,1981
x90073071,Einar_Økland,1940-,1940
x90080708,Asbjørn_Øksendal,1922-,1922
x09059330,Constance_Ørbeck-Nilssen,1954-,1954
x90268629,Elin_Ørjasæter,1962-,1962
x90133164,Tore_Ørjasæter,1886-1968,1886
x90778985,Hanne_Ørstavik,1969-,1969
x90097932,Anders_Sandøe_Ørsted,1778-1860,1778
x90909358,Øivind_Østang,1949-,1949
x90075622,David_Østby,1935-,1935
x90547712,Jan_Østby,1902-1986,1902
x90080830,Leif_Østby,1906-1988,1906
x90115325,Øyvind_Østerud,1944-,1944
x08075051,Knut_Erik_Østgård,1964-,1964
x06049888,Omar_Østli,1970-,1970
x09071787,Siri_Østli,1957-,1957
x00070811,Tor_Ivar_Østmoe,1970-,1970
x90072309,Einar_Østvedt,1903-1980,1903
x90773902,Einar_Øverenget,1964-,1964
x90064939,Arnulf_Øverland,1889-1968,1889
x90240520,Ole_Andreas_Øverland,1855-1911,1855
x90923766,Linn_Øverås,1962-,1962
x90788189,Ole_Johannes_Øvretveit,1967-,1967
x08067351,Håkon_Øvreås,1974-,1974
x00041819,Gyrid_Axe_Øvsteng,1974-,1974
x99014182,Mattis_Øybø,1971-,1971
x98052787,Gunnhild_Øyehaug,1975-,1975
x90778984,Bjørg_Øygarden,1960-,1960
x00060985,Geir_Angell_Øygarden,1968-,1968
